date,ic
20230314,0.25863450779473374
20230315,0.22948833121541393
20230316,0.21151474208494173
20230317,0.19372381121656237
20230320,0.14895570956875545
20230321,0.13754987779172903
20230322,0.03802418834572334
20230323,0.025413437430804948
20230324,0.0021642508382551007
20230327,0.034650943692952504
20230328,0.022652829625133996
20230329,0.01810064600773323
20230330,0.032185011738836034
20230331,0.0324435605447122
20230403,0.02450502011698693
20230404,0.08073889334671656
20230406,0.14025117056056027
20230407,0.07812922099942832
20230410,0.06281989648347198
20230411,0.0824796097882281
20230412,0.05808592282820997
20230413,0.10343399392483936
20230414,0.12661098086521333
20230417,0.11918074160586187
20230418,0.15989035687422506
20230419,0.12734264131751558
20230420,0.08324913027994274
20230421,0.08420369786591962
20230424,0.12526025309956532
20230425,0.07028321900111643
20230426,0.16855783312809533
20230427,0.10546078871843859
20230428,0.16483524151032058
20230504,0.0690684626183304
20230505,0.06927510842370205
20230508,-0.034802846954488036
20230509,-0.0732629733060698
20230510,-0.007731673737967455
20230511,-0.006178180229436511
20230512,-0.15973880955437825
20230515,-0.06669258000922805
20230516,-0.07478639166130076
20230517,-0.11239436510499655
20230518,-0.02565811001745226
20230519,0.07867085485095672
20230522,0.13805623449621252
20230523,0.11689554654119821
20230524,0.0674052335547465
20230525,-0.0015190656427410422
20230526,-0.07460177643330528
20230529,-0.05141645832017838
20230530,-0.10545387301673788
20230531,-0.11135233572610384
20230601,-0.09424721437408058
20230602,-0.0037634670943907274
20230605,-0.03847042605175076
20230606,0.06772475594685602
20230607,0.055195807608332946
20230608,-0.05382106956561087
20230609,0.003784615529959611
20230612,0.05945575062387701
20230613,0.02324048455450399
20230614,0.06606475745511943
20230615,0.09215309604734724
20230616,0.07102628744758338
20230619,0.06174932933517653
20230620,0.048558582532604935
20230621,0.03195038696908327
20230626,0.011743425182603812
20230627,0.059862267285162
20230628,0.12085940245522532
20230629,0.09734001388593422
20230630,0.08525805254049451
20230703,-0.0077992289284701645
20230704,-0.0021397488643433837
20230705,-0.10214130702774729
20230706,0.02978253678613252
20230707,0.09278726985205069
20230710,0.010138566100447147
20230711,-0.11509839095018348
20230712,0.0362713275208825
20230713,-0.15649237686085313
20230714,-0.248037552386144
20230717,-0.146160791339342
20230718,-0.024681534898878962
20230719,-0.21068867589296836
20230720,-0.17111877882360316
20230721,-0.1413465034035248
20230724,-0.14961395581606637
20230725,-0.28540242457862
20230726,-0.06085577040170181
20230727,-0.06529749999168871
20230728,0.03715324567696722
20230731,0.12121956639368567
20230801,0.11435406781355643
20230802,0.02723560345349864
20230803,0.0391900541366918
20230804,0.06421914820655074
20230807,0.05190529487983323
20230808,0.061410742703850045
20230809,0.09585989476688325
20230810,0.10076379705843626
20230811,0.08036710864748246
20230814,0.08857853962567626
20230815,0.011564538839583315
20230816,0.054160645847564776
20230817,0.03996268052975646
20230818,0.05944658383862781
20230821,0.059055991562477365
20230822,0.06011281081166144
20230823,0.041271116039068495
20230824,0.021882814647401046
20230825,-0.08405673740353707
20230828,-0.1508624333492985
20230829,-0.060025911684005055
20230830,0.009850865689063144
20230831,0.06186484222434892
20230901,0.1412574295590251
20230904,0.18701476813750767
20230905,0.1901913416631052
20230906,0.08009464302791909
20230907,0.021406040913118735
20230908,-0.004925689910944275
20230911,0.023149095152615262
20230912,-0.03399689712671007
20230913,0.0793355335345697
20230914,0.10043699109258737
20230915,0.1292936634359918
20230918,0.0739180118659492
20230919,0.1548652930459532
20230920,0.21787246940740593
20230921,0.23250674525996307
20230922,-0.03963424947699897
20230925,0.0986543866473138
20230926,0.10804058224484489
20230927,0.10179999546285683
20230928,-0.02044077675406038
20231009,-0.09320262346429418
20231010,-0.093147486425168
20231011,-0.021565191200920656
20231012,0.05734072374975137
20231013,0.17775099551528248
20231016,0.12114858731038397
20231017,0.08487799171862506
20231018,0.1128990366594863
20231019,0.009541579890251483
20231020,0.042101150377886136
20231023,0.06044723263865056
20231024,0.05288280868063116
20231025,0.08918139628409368
20231026,0.08348030612140593
20231027,0.07491352454626415
20231030,0.11581100345992791
20231031,0.14086215631743484
20231101,0.14726470034060984
20231102,0.16528753608445568
20231103,0.017568581353032853
20231106,0.015985753556219662
20231107,0.028972557759383216
20231108,0.14358691813483127
20231109,0.08506367596126442
20231110,0.09717437972935704
20231113,0.07616810647450803
20231114,0.1171274583034189
20231115,0.09036206903756265
20231116,0.062422587515144644
20231117,-0.00447373362548637
20231120,0.03670001989445185
20231121,0.07480664736017675
20231122,0.10579744698884705
20231123,0.029761840375092125
20231124,0.11474247367918623
20231127,0.11048911234168893
20231128,0.052188543225496695
20231129,0.07619208044918756
20231130,0.12138419885432537
20231201,-0.0685844887889009
20231204,-0.05178534676442603
20231205,-0.04101040726962572
20231206,0.01207692967776833
20231207,0.03377276194270854
20231208,0.12788033930681703
20231211,0.08918372775849893
20231212,0.14467298121686412
20231213,0.05660365819967749
20231214,0.04888816215966011
20231215,-0.061897539242960896
20231218,-0.15325297012848407
20231219,-0.2021140345803647
20231220,-0.15268952536567051
20231221,-0.19820960191011439
20231222,-0.04378839646681979
20231225,0.033532612267615114
20231226,0.12612322439009116
20231227,0.10406884395111846
20231228,0.22567496073464482
20231229,0.18241699896493543
20240102,0.11928366798725408
20240103,0.20562059996388732
20240104,0.10661033192367174
20240105,0.132225895086817
20240108,0.13458416118344377
20240109,0.10389400647612793
20240110,0.09182258562701462
20240111,0.036099110693012734
20240112,0.04379075595243809
20240115,0.01773498963148706
20240116,-0.05180051008100016
20240117,-0.05823963690228485
20240118,0.10900566208614516
20240119,0.13998482792211317
20240122,0.1484855115632362
20240123,0.1932697752355626
20240124,0.2506082795872209
20240125,0.29672406464910334
20240126,0.2288331133100864
20240129,0.228293609071039
20240130,0.17606199370008976
20240131,0.14254552389568179
20240201,0.2943057340625436
20240202,0.2715779327466748
20240205,0.0082701446420978
20240206,-0.19100334367181585
20240207,-0.4717936257908707
20240208,-0.36224434401115246
20240219,-0.6185208132291785
20240220,-0.6355538906714288
20240221,-0.4091320496125798
20240222,-0.31121397346262913
20240223,-0.024290571673383513
20240226,0.18666849324049453
20240227,0.34202875771282204
20240228,-0.0512589684101883
20240229,0.015392521161909622
20240301,0.0381787771768169
20240304,-0.04068515275663689
20240305,-0.20847677228715508
20240306,0.012605964537656883
20240307,-0.04925578565862181
20240308,-0.10074199397874989
20240311,-0.06330442275214887
20240312,0.043991193928027035
20240313,-0.02618057069437624
20240314,-0.0791839856071864
20240315,-0.09131891597706845
20240318,0.05436821571297155
20240319,0.10337419212267389
20240320,0.15437799116469506
20240321,0.17910739626911795
20240322,0.18551217009631635
20240325,0.1479791236929604
20240326,0.2268481165247104
20240327,0.1671631075614783
20240328,0.21850592668036734
20240329,0.2226829881417889
20240401,0.27701455326434515
20240402,0.0014532353219101053
20240403,0.02712757952492783
20240408,-0.07021588269855646
20240409,-0.022985460918287366
20240410,-0.03662560771571408
20240411,-0.05077250530935653
20240412,-0.07949800103818183
20240415,-0.1649378612693282
20240416,0.15112010508902915
20240417,-0.006349000113902156
20240418,-0.024630907148380045
20240419,-0.23504411688476384
20240422,-0.2821782839006545
20240423,-0.15258961207309354
20240424,-0.09670357776819968
20240425,-0.05891164895336336
20240426,0.014276263934875948
20240429,-0.0009111572740996883
20240430,-0.06000740072669756
20240506,0.0156954151573796
20240507,0.029989353892472734
20240508,0.06008534498642018
20240509,0.053704885137038354
20240510,0.05569226081941586
20240513,0.02791902558173474
20240514,0.029555319171734328
20240515,0.03165440088686319
20240516,0.005425295293432118
20240517,0.0123217036616859
20240520,0.047148014582943626
20240521,0.08503224902296644
20240522,0.06964836154306892
20240523,0.10929475692537403
20240524,0.11844331151681836
20240527,0.017094183561429468
20240528,-0.06499942244418877
20240529,-0.0303360042355274
20240530,-0.11022600524389602
20240531,-0.06054045776968003
20240603,0.024430955500184735
20240604,-0.025093520816485564
20240605,-0.018627280623858922
20240606,0.0008093410292175196
20240607,0.019107418142287003
20240611,-0.03704227046471484
20240612,-0.01260882446374156
20240613,0.023317535967875683
20240614,-0.021398413403516996
20240617,-0.0181860129212757
20240618,0.07189892282112376
20240619,0.09153609090370224
20240620,0.07737200386574583
20240621,-0.04174214882054745
20240624,-0.030334231272774428
20240625,-0.05607002154793977
20240626,-0.06293602200185343
20240627,-0.012570793317685625
20240628,-0.09225466771707957
20240701,0.07763484478333568
20240702,0.16864277000127026
20240703,0.15637746417180773
20240704,0.07380299806397578
20240705,0.11739360387789269
20240708,0.07677230832115543
20240709,0.05754811596864116
20240710,0.09349677178049658
20240711,0.15693477260490454
20240712,0.07953127445135129
20240715,0.014513337441990364
20240716,0.048891879853464514
20240717,0.0843971283235596
20240718,0.10461980501980692
20240719,0.032494447155089715
20240722,-0.029088454901084266
20240723,-0.05977398503197069
20240724,-0.09036531336972028
20240725,-0.05662034365341804
20240726,-0.09911254684003748
20240729,0.03837372251296338
20240730,-0.04545350843105082
20240731,0.08816055213339544
20240801,0.08222410150359782
20240802,0.11582706754999803
20240805,0.15519854106378145
20240806,0.18470755781395254
20240807,0.17341613225888877
20240808,0.14170731846562
20240809,0.12409034216427742
20240812,0.07939318405747901
20240813,0.010843176157738004
20240814,0.05862609675294411
20240815,0.08804778354866237
20240816,0.010040499591807249
20240819,0.0674344574357948
20240820,0.08497200504339504
20240821,0.09848808766810042
20240822,0.1715191426018264
20240823,0.12446280854281981
20240826,0.0833080684995916
20240827,0.08553543966763646
20240828,0.0478875094068466
20240829,0.044925008895856385
20240830,0.04988128808665682
20240902,0.0719521553498216
20240903,0.1279985321942001
20240904,0.09014648716060795
20240905,0.10343549442339589
20240906,0.1528266219402548
20240909,0.0669078748896783
20240910,0.0461013247171451
20240911,0.05068206651224306
20240912,-0.00037415737226254784
20240913,-0.011078122748515688
20240918,0.05014491467110793
20240919,0.0025346258938255175
20240920,0.013017728124896254
20240923,0.042289138131555694
20240924,-0.03140593492137812
20240925,0.023887068190305383
20240926,0.042676855209099356
20240927,0.07395776156093269
20240930,0.05324294979256725
20241008,0.09030958203613909
20241009,0.07011867126357754
20241010,-0.014717939133588624
20241011,-0.042723030273662664
20241014,-0.046281509029148245
20241015,-0.05031538877268439
20241016,0.006696720610766235
20241017,0.04994641135358468
20241018,0.05883801722315113
20241021,0.10049778333059847
20241022,0.04750075070717506
20241023,0.009092932641274759
20241024,-0.046397525309884224
20241025,-0.007874033248184371
20241028,0.07798704298304172
20241029,0.07333267512338051
20241030,0.1054583902689887
20241031,0.1291666315467496
20241101,0.0513566053038689
20241104,0.029069803436066768
20241105,0.06811833966195086
20241106,0.1410814619277352
20241107,0.16322191853827467
20241108,0.2929072596616916
20241111,-0.24448994452017175
20241112,-0.3792818631580391
20241113,-0.28011828721109383
20241114,-0.22694583381095992
20241115,-0.09631291814705666
20241118,-0.011660110868546637
20241119,-0.07007964676896274
20241120,-0.12435222671307737
20241121,-0.08713006080102312
20241122,-0.0434776860654086
20241125,0.06347751202629025
20241126,0.0995073137673296
20241127,0.12381985875370151
20241128,0.16732769152601087
20241129,0.12217245663490023
20241202,-0.0030754897794071155
20241203,-0.0007339674306872996
20241204,0.11717128723083546
20241205,0.012531878201855317
20241206,0.21414878800488973
20241209,0.18940869726817777
20241210,-0.18625827019358113
20241211,-0.32770895463452604
20241212,-0.38104442887184914
20241213,-0.34283186859126324
20241216,0.019806053768974777
20241217,0.0936066483614155
20241218,0.09057687415730845
20241219,0.04023740234991345
20241220,0.022698304027623805
20241223,0.16245645423977786
20241224,0.15985483249712878
20241225,0.09461540849835896
20241226,0.11669052278030395
20241227,0.1324757422582379
20241230,0.08070453601403332
20241231,0.0526766094744331
20250102,0.02397874339410732
20250103,0.049426745674184175
20250106,0.01594195838603182
20250107,0.03519188931775133
20250108,0.07442536109891826
20250109,0.11990062627042504
20250110,0.11537903879533687
20250113,0.0640513657696981
20250114,0.1305035003764624
20250115,0.14743714788811715
20250116,0.17566383247419154
20250117,0.12264462324503204
20250120,0.16302851453962752
20250121,0.12487849123359991
20250122,0.12298444796800752
20250123,0.06987399492965628
20250124,0.08261717007564692
20250127,0.021409457500880538
20250205,-0.025068874319968962
20250206,-0.07102850020278575
20250207,-0.011161680733759371
20250210,-0.04273277036850136
20250211,0.027013240180488837
20250212,0.067480957442948
20250213,0.11213594806331481
20250214,0.008962328602981014
20250217,0.06339357969677578
20250218,0.05303791363107229
20250219,0.09130363448959564
20250220,0.06471538409528546
20250221,0.11652618062273953
20250224,0.13168413289476638
20250225,0.17094790488994463
20250226,0.13052777138227226
20250227,0.13433240628669227
20250228,0.10248482925794991
20250303,0.09198252135184817
20250304,0.07146143009769008
20250305,0.13056029318012843
20250306,0.10320954208594738
20250307,0.04769824215534326
20250310,0.012068003365264557
20250311,0.06997599790377411
20250312,-0.03262006566347063
20250313,0.10018724969670946
20250314,-0.012893052122815486
20250317,-0.039036801688991436
20250318,-0.034720155598072136
20250319,-0.07780856746605756
20250320,-0.062429430377207794
20250321,-0.07537444721451644
20250324,-0.0074216922644806385
20250325,0.04319263446212996
20250326,0.0072569955389201815
20250327,0.006785768915059593
20250328,0.021013650486768044
20250331,-0.08727737090250233
20250401,0.09491783921981302
20250402,0.06907372939173052
20250403,-0.004308024119958303
20250407,-0.01662829335019367
20250408,-0.028167978582602258
20250409,0.01060706661958314
20250410,0.07087187175509656
20250411,0.14531463796100133
20250414,0.10142389876918155
20250415,0.12992941331149174
20250416,-0.13447004869289095
20250417,0.003775201455210631
20250418,0.018097405143092007
20250421,0.09697347955567803
20250422,0.08868970448093245
20250423,0.07028212687503368
20250424,0.0211947755877649
20250425,0.03973680877892252
20250428,0.0954575686856174
20250429,0.09193891463453503
20250430,0.0653521838881699
20250506,0.09985715009743837
20250507,0.03473586773554502
20250508,0.03181996920071863
20250509,-0.009848089363025957
20250512,0.060276349346704436
20250513,0.12300106419716415
20250514,0.15013763694776272
20250515,0.13812583021125807
20250516,0.14962373373522586
20250519,0.09246164344154818
20250520,0.12203049832327299
20250521,0.11938526289664064
20250522,0.1674541791029678
20250523,0.10310494345699593
20250526,0.11997446223939409
20250527,0.08056158136961357
20250528,0.12683819156470683
20250529,0.14603371438507962
20250530,0.13549601595643052
20250603,0.10420869482010049
20250604,0.0911588192805003
20250605,-0.026179119261875074
20250606,-0.06285882273903144
20250609,-0.07876193613187898
20250610,-0.004703189947171563
20250611,-0.006994381661746315
20250612,0.05551793637212162
20250613,0.08405529017864453
20250616,0.0925752192719959
20250617,0.18203745450724937
20250618,0.1739132695722839
20250619,0.13157944811291483
20250620,0.15818492610472243
20250623,0.1326086207384225
20250624,0.08523143875136352
20250625,0.11072915694771708
20250626,0.15225714982841113
20250627,0.07641530557698202
20250630,0.08158450834386714
20250701,0.10013848035589162
20250702,0.08651746081916463
20250703,0.11240721039599476
20250704,0.10948161207415522
20250707,0.1442522849462237
20250708,0.14173621317526033
20250709,0.18318087512056613
20250710,0.15648822564368592
20250711,0.13863407100233133
20250714,0.14176735312577157
20250715,0.15115174700842252
20250716,0.13592881733288972
20250717,0.1521571133368626
20250718,0.17077516220376326
20250721,0.09945687279499965
20250722,0.0690410514470738
20250723,0.1078106053040998
20250724,0.10526429369431509
20250725,0.12628699548087358
20250728,0.15105744004834787
20250729,0.12360103885539443
20250730,0.06393465767037497
20250731,0.0728097672467563
20250801,0.018269219203221707
20250804,0.02507902752728707
20250805,0.03269899252675667
20250806,0.029112571078481086
20250807,0.049738878714807214
20250808,0.028678970310846354
20250811,-0.010015975549689223
20250812,0.025955779446199194
20250813,0.06783999994378975
20250814,0.12661768998921719
20250815,0.12114006494578383
20250818,0.10106911209233417
20250819,0.11716487822581169
20250820,0.06612380162827794
20250821,0.0014761711786541818
20250822,0.005546354308186866
20250825,0.039353435877430905
20250826,0.037795597844962524
20250827,0.07604520919407863
20250828,0.02210865306174708
20250829,0.02439861344281862
20250901,0.047289150087675
20250902,0.07968458440460854
20250903,0.11439144762068726
20250904,-0.0040501013820032974
20250905,0.08306002204633073
20250908,0.015756387574322083
20250909,0.03275651181747513
20250910,0.07932399792603952
20250911,0.05043064526747985
20250912,0.031044149009899876
20250915,0.04782651406901926
20250916,0.01255193734217297
20250917,0.021042025055076827
20250918,0.010134678525927846
20250919,0.05746825704072118
20250922,0.07168369534511969
20250923,0.08803662100083602
20250924,0.030888590490425076
20250925,-0.0354731461135826
20250926,-0.02693729459270635
20250929,-0.11910351865421899
20250930,-0.09632996827949562
20251009,-0.1238190694532129
20251010,-0.13518478819191496
20251013,-0.07333434888754335
20251014,0.06260701993267218
20251015,0.05647049584609926
20251016,0.13184796533064647
20251017,0.10742170820002417
20251020,0.12998648113639322
20251021,0.10385213496696308
20251022,0.011507549926060677
20251023,-0.013974534666350234
20251024,0.036483414679784595
20251027,0.07867963864973278
20251028,0.0724414677058365
20251029,0.013694342859882518
20251030,0.009197596979089204
20251031,-0.03194131832955782
20251103,-0.005890718977550282
20251104,0.04322469441405054
20251105,0.047790995596742915
20251106,0.03971256101372088
20251107,0.04158492358635498
20251110,0.030390714470001
20251111,0.08809112457689854
20251112,0.09838666778248147
20251113,0.13252514289180245
20251114,0.15208743123015486
20251117,0.16380385205231368
20251118,0.10627311498602045
20251119,0.09127625422860966
20251120,0.07561932020148857
20251121,0.021421859416290722
20251124,-0.07440674726584985
20251125,-0.005940089720651732
20251126,0.06718031273968333
20251127,0.11570643781579583
20251128,0.11528367548010808
20251201,0.012617654203808781
20251202,0.003200216089275849
20251203,-0.015484799582190978
20251204,-0.016094116864749167
20251205,-0.04064911744078578
20251208,0.05712247827703988
20251209,0.16193877924915584
20251210,0.14979123954226406
20251211,0.19925544739281192
20251212,0.21945618662513988
20251215,0.14897882073923172
20251216,0.05234630909708457
20251217,0.005839163641722465
20251218,-0.019374877447149195
20251219,-0.05781289967401295
20251222,-0.026269556407085573
20251223,-0.008438758088794544
20251224,0.07744119137895143
20251225,0.03195909301582772
20251226,0.09482674223270286
20251229,0.006891519228859384
20251230,0.02871955152834587
20251231,-0.037948545671719604
20260105,-0.0854627953118003
20260106,0.029008708673315217
20260107,0.010251842151310045
20260108,0.06405758760484935
20260109,0.11454295432474483
20260112,0.21669259236676877
20260113,0.23001885773765454
20260114,0.22422898961196494
20260115,0.15902421335803557
20260116,0.014602540964471823
20260119,-0.021953666527488213
20260120,0.07741264774242558
20260121,0.05037249802530577
20260122,0.003963409896088147
20260123,0.022650188748811535
20260126,-0.005132628828067053
20260127,-0.00835185788718298
20260128,-0.11526712626455993
20260129,-0.14778844527257043
20260130,-0.130162677597196
20260202,-9.51525407615355e-05
20260203,-0.03526949175708972
20260204,-0.010834531408522838
20260205,-0.10907095305926191
20260206,-0.10122193294077922
20260209,0.039511158424543884
20260210,-0.01689152793957843
20260211,-0.039663402771088783
20260212,0.00010526872987895527
20260213,-0.03089325192142176
20260224,0.09727174950497416
20260225,0.05794458963389204
20260226,0.038986527995976385
20260227,0.13463135842897966
20260302,0.009077871235022185
20260303,-0.14658356095926695
20260304,-0.01098618685098842
20260305,0.07022367668856956
20260306,0.056422958115019996
20260309,-0.09329880154263402
20260310,-0.15494114831595615
20260311,-0.1744177766279151
20260312,-0.17476521303082881
20260313,-0.09924025580738312
20260316,0.04836430420889911
20260317,0.07545937267792109
20260318,0.0014837721692425264
20260319,0.040552487201332026
20260320,-0.04114841073464855
20260323,-0.04760536588419605
20260324,-0.004907540302843039
20260325,0.037830669426489216
20260326,0.013143739577025136
20260327,0.05726905441513267
20260330,0.11681706142226914
