date,long_ret,short_ret,spread
20230314,0.024491753667823305,0.0006016990256887721,0.023890054642134534
20230315,0.019994957077727877,-0.0024352708475557693,0.022430227925283645
20230316,0.03424685439507037,0.01041313529480752,0.02383371910026285
20230317,0.028211850295469108,0.0072945138801791915,0.020917336415289915
20230320,0.02472329618526993,0.014181645706471114,0.010541650478798816
20230321,0.004607024315797468,-0.0067295808142756154,0.011336605130073084
20230322,-0.010166265492261616,-0.010644116394426226,0.00047785090216461053
20230323,-0.014827361997771578,-0.016693402910491643,0.0018660409127200656
20230324,-0.007939293130431877,-0.0028724243734283552,-0.005066868757003522
20230327,0.0039034846682939896,0.004263044533091706,-0.00035955986479771626
20230328,0.005635233275477338,0.006005390482968508,-0.0003701572074911704
20230329,0.008729443841949848,0.010238988859769699,-0.0015095450178198508
20230330,0.018576301218979376,0.01688739203799806,0.0016889091809813156
20230331,-0.003292642683789228,-0.0039186083031148905,0.0006259656193256624
20230403,-0.009799347684709707,-0.011010301453318464,0.0012109537686087572
20230404,0.006477150341645792,-0.0016619508832955527,0.008139101224941344
20230406,0.00717115671029891,-0.005750909688631328,0.012922066398930239
20230407,-0.002594400748036087,-0.007871807180080011,0.005277406432043925
20230410,0.009746241256506267,0.0029257663243981357,0.006820474932108131
20230411,0.007963895493220418,-0.004254618401939791,0.01221851389516021
20230412,-0.007058745044020898,-0.011673921053877195,0.004615176009856297
20230413,-0.0013245108097163852,-0.010600599395987419,0.009276088586271033
20230414,-0.027496981753588844,-0.03667771329463672,0.009180731541047874
20230417,-0.03369913969983211,-0.04283082112698555,0.00913168142715344
20230418,-0.039287881049360214,-0.0568309236186142,0.017543042569253986
20230419,-0.03308295854083421,-0.0493834543325993,0.01630049579176509
20230420,-0.031219350139942658,-0.047811503541227596,0.016592153401284938
20230421,0.014380147545741972,-0.003896787332415166,0.01827693487815714
20230424,0.03280871916508916,0.010151905911648834,0.022656813253440322
20230425,0.03852248517951598,0.0242206543525584,0.01430183082695758
20230426,0.045439449021611164,0.013678798896319353,0.03176065012529181
20230427,0.02726856864977165,0.01167410693267059,0.01559446171710106
20230428,0.012982234748776862,-0.010416916606914071,0.023399151355690935
20230504,-1.1294074392606965e-05,-0.004406967897240352,0.004395673822847745
20230505,-0.005848206675390331,-0.01232750901392485,0.006479302338534518
20230508,-0.013035646996494104,-0.009186158794317814,-0.0038494882021762895
20230509,-0.014288462079810601,-0.007447606535334145,-0.006840855544476456
20230510,-0.004250583200794239,-0.004448411060708965,0.0001978278599147256
20230511,-0.00854772678996885,-0.004582571852856623,-0.003965154937112227
20230512,-0.008571825575893852,0.010761044624114632,-0.019332870200008484
20230515,-0.005313151751652817,0.0035041595529478574,-0.008817311304600674
20230516,-0.00360122013586239,0.0044021366299009145,-0.008003356765763305
20230517,-0.013587938968427358,-0.0006246047121441711,-0.012963334256283187
20230518,-0.01240002805236816,-0.005197730427805629,-0.007202297624562532
20230519,-0.0021051412346343745,-0.0036258522240829568,0.0015207109894485823
20230522,-0.008088786299506562,-0.01335117418626557,0.005262387886759007
20230523,0.0035112140992375885,0.0008235936105762691,0.0026876204886613197
20230524,0.004409428958953476,0.001721682585007487,0.0026877463739459883
20230525,-0.00015034490061126635,0.00530516805106602,-0.0054555129516772865
20230526,0.00448627454647218,0.014829430954433882,-0.010343156407961702
20230529,0.013127608437720331,0.024413211230096304,-0.011285602792375973
20230530,-0.0122060493068427,0.0037773670148055056,-0.015983416321648205
20230531,-0.0065299485652074015,0.01029561284099857,-0.01682556140620597
20230601,-0.008949929686259466,0.0037428146793378964,-0.012692744365597364
20230602,-0.00510038754841939,-0.0016969667678985194,-0.003403420780520871
20230605,-0.006172526794594937,0.0035721996589057775,-0.009744726453500715
20230606,0.023457150988937227,0.021994006028043953,0.0014631449608932742
20230607,0.016926071271565528,0.0183016402533945,-0.001375568981828973
20230608,0.017451013665105708,0.03004407744190193,-0.012593063776796223
20230609,0.024138429667742253,0.02673604905883969,-0.002597619391097438
20230612,0.01744452098679317,0.017067310523841587,0.00037721046295158267
20230613,0.009463082824564723,0.009204027918994778,0.0002590549055699453
20230614,-0.004412517638589795,-0.013053338720143602,0.008640821081553807
20230615,-0.024017696139023787,-0.034593091053996605,0.010575394914972818
20230616,-0.014261385029194537,-0.018763624130836664,0.004502239101642127
20230619,-0.01676127785667907,-0.0224044902012628,0.005643212344583731
20230620,-0.003490135426246127,-0.008634697323153697,0.00514456189690757
20230621,0.02116201885705042,0.01740322556329394,0.003758793293756481
20230626,0.0405433948549642,0.039833043887266155,0.0007103509676980452
20230627,0.02891441838330447,0.02846830676175292,0.00044611162155154885
20230628,0.025947935459993604,0.016905838414743413,0.009042097045250191
20230629,0.0166045707122294,0.008921224155885506,0.0076833465563438934
20230630,0.0007204596986517942,-0.0055489566715276155,0.00626941637017941
20230703,-0.008155795038743655,-0.005524772344828665,-0.00263102269391499
20230704,-0.0028633109362294793,-0.0011641445340111716,-0.0016991664022183077
20230705,-0.012417736100047925,0.0007921658519096547,-0.01320990195195758
20230706,0.006565754955208539,0.005020483062181147,0.0015452718930273925
20230707,0.010784030051232588,0.0038485828406581942,0.006935447210574394
20230710,0.00502402923065598,0.001238066696053031,0.0037859625346029486
20230711,-0.008259687840325988,-0.0008935786934311812,-0.007366109146894806
20230712,0.011448226913478911,0.0016736038107505312,0.00977462310272838
20230713,-0.015434078901690308,-0.007531994814834906,-0.007902084086855402
20230714,-0.023917569627556777,-0.002172425602166692,-0.021745144025390087
20230717,-0.013229083873918504,-0.003319203647735876,-0.009909880226182628
20230718,0.007573365033942078,0.003379529475556949,0.004193835558385129
20230719,-0.006158800792844407,0.013077223601046012,-0.019236024393890418
20230720,-0.002031936924809673,0.01617985900177803,-0.018211795926587705
20230721,0.008289770988590522,0.0224163559830279,-0.014126584994437379
20230724,0.017846124769466426,0.03856315917974936,-0.020717034410282935
20230725,-0.005045076231466665,0.025527999492726345,-0.03057307572419301
20230726,0.007785471228890519,0.01532153824892621,-0.0075360670200356914
20230727,0.011519057817555998,0.018333321986079065,-0.0068142641685230675
20230728,0.007107979566091229,0.0076559427535956535,-0.0005479631875044246
20230731,-0.007647255883199897,-0.015447247772418207,0.007799991889218309
20230801,-0.007958180396927392,-0.014857336140185959,0.006899155743258566
20230802,-0.01905693635379702,-0.02395083306150495,0.004893896707707932
20230803,-0.01262383714439337,-0.016597559981208935,0.0039737228368155655
20230804,-0.029947623209686153,-0.03352856065194728,0.0035809374422611263
20230807,-0.020941379324542715,-0.02287024085705808,0.0019288615325153656
20230808,-0.023108780973880055,-0.026256924063317734,0.0031481430894376786
20230809,-0.017546533793911235,-0.022755853208654246,0.005209319414743011
20230810,-0.009483020882287722,-0.012301530637575046,0.0028185097552873243
20230811,-0.011341069239540614,-0.010991842939944664,-0.00034922629959594984
20230814,-0.021820617253883394,-0.024186731532899342,0.0023661142790159483
20230815,-0.01645687883332443,-0.01306031971203854,-0.0033965591212858914
20230816,-0.024505541327326835,-0.024674470276920688,0.00016892894959385368
20230817,-0.034359413864768505,-0.03883814341815714,0.004478729553388634
20230818,-0.03188878111787522,-0.042123273500357425,0.010234492382482203
20230821,-0.014641922900262113,-0.027779537342247026,0.013137614441984913
20230822,0.0075919264558934815,-0.0014436525396402215,0.009035578995533703
20230823,0.024687232931811038,0.01679793438089486,0.007889298550916177
20230824,0.01626839394401365,0.013171651857075115,0.0030967420869385358
20230825,0.027571242763206192,0.040568755247793215,-0.012997512484587023
20230828,0.0257917600011319,0.045862156229180065,-0.020070396228048164
20230829,-4.6586935920019366e-05,0.003853304770430511,-0.0038998917063505305
20230830,0.005650340083096436,0.0027157437428578447,0.0029345963402385915
20230831,-0.0010676961399309784,-0.006559690563624775,0.005491994423693797
20230901,0.00209505810274743,-0.012019737048239828,0.014114795150987257
20230904,-0.004677656979423164,-0.0201340896078813,0.015456432628458139
20230905,0.004142454293046711,-0.011675358091108892,0.015817812384155604
20230906,-0.015534578177290282,-0.021379853976840456,0.005845275799550175
20230907,-0.007076718832702219,-0.007666053858651058,0.0005893350259488393
20230908,-0.010123837128722236,-0.008515171933613687,-0.0016086651951085496
20230911,-0.008511838935236622,-0.005036619142664481,-0.0034752197925721406
20230912,-0.01988088928169984,-0.015583774807321113,-0.004297114474378727
20230913,-0.010981081757409155,-0.015246574836193813,0.004265493078784658
20230914,-0.010922344439203306,-0.016035898533900236,0.00511355409469693
20230915,0.0041882212475293735,-0.00608674479400749,0.010274966041536864
20230918,-0.010812283616464318,-0.015136528665013802,0.004324245048549485
20230919,-0.0031065156258266264,-0.012409763422975333,0.009303247797148705
20230920,0.00968241417101042,-0.00654716450930927,0.01622957868031969
20230921,0.02805946190729328,0.010513700164921511,0.017545761742371768
20230922,-0.005884584438458944,0.007308268231501314,-0.013192852669960259
20230925,0.0015727087459180234,0.0031834079971765654,-0.001610699251258542
20230926,0.007709417636177187,0.004511677533256477,0.0031977401029207103
20230927,0.011208250035674787,0.005477333736851903,0.005730916298822884
20230928,-0.01174183500670457,-0.0025786426931321636,-0.009163192313572406
20231009,-0.012009201918247508,0.00600332203982023,-0.01801252395806774
20231010,-0.012588114793300697,0.00535347831246819,-0.017941593105768885
20231011,-0.025770543060772172,-0.01192794117431924,-0.013842601886452931
20231012,-0.040373171125590454,-0.033841806266297826,-0.006531364859292628
20231013,-0.03253608229415237,-0.04589030553761416,0.01335422324346179
20231016,-0.052770194116907615,-0.057264750547629875,0.00449455643072226
20231017,-0.032407998088398275,-0.03157522577051704,-0.0008327723178812377
20231018,-0.0015895353777318007,-0.009862182805636733,0.008272647427904933
20231019,0.008727366247166997,0.014072279675447196,-0.005344913428280199
20231020,0.02914879227749328,0.03500365132225994,-0.005854859044766656
20231023,0.0617440224380994,0.062005997584661715,-0.00026197514656231546
20231024,0.038549543961132395,0.036678028150080234,0.0018715158110521601
20231025,0.0282341720112911,0.016185466776672142,0.012048705234618956
20231026,0.016472168941114224,0.00340047055933019,0.013071698381784035
20231027,0.011972051850460234,-0.000389461234116642,0.012361513084576876
20231030,0.01840816390086619,0.008546249972651595,0.009861913928214594
20231031,0.029220184799975287,0.02147869147360867,0.007741493326366616
20231101,0.027347383011399856,0.02190920217779918,0.005438180833600675
20231102,0.033064669898723135,0.025632621827370906,0.00743204807135223
20231103,0.011359716916108252,0.018268286800976714,-0.006908569884868461
20231106,0.004468696022419059,0.005211952038322178,-0.0007432560159031185
20231107,0.005817179677170361,0.0018932835154367173,0.0039238961617336435
20231108,0.015036167194133936,0.0004004248766425634,0.014635742317491372
20231109,0.012089275022575502,0.006599963641289392,0.0054893113812861105
20231110,0.02293713714894783,0.013560001604188125,0.009377135544759704
20231113,0.021670588965950536,0.018294965951743923,0.003375623014206613
20231114,0.016862582627753638,0.012255333235171148,0.00460724939258249
20231115,0.0010318049707057617,-0.004865806745285275,0.005897611715991036
20231116,0.01844779653443491,0.014289143490775784,0.004158653043659125
20231117,-0.0015250814936168663,-0.003175408787950484,0.0016503272943336179
20231120,-0.012002604347542887,-0.021666963529361455,0.009664359181818568
20231121,-0.003775318626664325,-0.01207515883818756,0.008299840211523236
20231122,0.0006145495401719037,-0.010802728309601469,0.011417277849773373
20231123,-0.014076816219918112,-0.02047383597377163,0.006397019753853516
20231124,0.0068323983091754985,-0.009223888957254069,0.01605628726642957
20231127,0.010769173255774476,-0.0075631049194947115,0.01833227817526919
20231128,-0.015209238233378523,-0.020357158608415554,0.005147920375037031
20231129,-0.0050034733085135025,-0.013178507440028662,0.00817503413151516
20231130,-0.0007878298451903105,-0.014227563219333295,0.013439733374142985
20231201,-0.02696838111213221,-0.021253619542146412,-0.005714761569985797
20231204,-0.0171716511812693,-0.013775344254112198,-0.003396306927157103
20231205,0.005763997620230026,0.007086007082560656,-0.0013220094623306302
20231206,-0.004472283686622373,-0.002654772948956616,-0.001817510737665757
20231207,0.00046374082744575,-0.0036267078394449314,0.004090448666890682
20231208,0.009038070763754387,0.0028163720001306656,0.006221698763623721
20231211,-0.01391508360070096,-0.014854849139187125,0.0009397655384861658
20231212,-0.021830431094869127,-0.023752573517412532,0.0019221424225434047
20231213,-0.027735135911618868,-0.0303770610416936,0.002641925130074732
20231214,-0.01947613381897937,-0.02127893695593848,0.0018028031369591094
20231215,-0.031188794038068127,-0.028362517936897,-0.002826276101171126
20231218,-0.027971627852453673,-0.01831369563403694,-0.009657932218416734
20231219,-0.04450629279312941,-0.017937083439251784,-0.02656920935387763
20231220,-0.022151341234311846,-0.004256148390132666,-0.01789519284417918
20231221,-0.015887766413807222,0.0073543344624096615,-0.023242100876216885
20231222,0.0192584563017157,0.025059642112655534,-0.005801185810939833
20231225,0.030838785802011978,0.03001772511044536,0.0008210606915666184
20231226,0.04378188635749501,0.025833829520889043,0.01794805683660597
20231227,0.03468106370682162,0.02216626273955788,0.01251480096726374
20231228,0.009652604194230287,-0.01563709032484176,0.025289694519072047
20231229,-0.023398240847649802,-0.043253479589214064,0.019855238741564262
20240102,-0.025338982741111737,-0.03836717770290391,0.013028194961792174
20240103,-0.028478022748994053,-0.04627685538207537,0.017798832633081317
20240104,-0.017795788057330907,-0.024013829788735654,0.006218041731404746
20240105,-0.0075462725008288555,-0.015692104754470696,0.00814583225364184
20240108,0.012293358113220116,-0.001318428020097166,0.013611786133317282
20240109,0.000937624115760957,-0.010403992787565958,0.011341616903326916
20240110,-0.014347144492345828,-0.02486019141308291,0.01051304692073708
20240111,-0.0370432000009922,-0.045367599012588904,0.008324399011596706
20240112,-0.04016766426908745,-0.04683365997116367,0.0066659957020762176
20240115,-0.09626388258920679,-0.09901790898161703,0.002754026392410236
20240116,-0.09588245197039164,-0.0911427111745147,-0.00473974079587694
20240117,-0.05896198968774161,-0.05087991701442155,-0.008082072673320062
20240118,-0.008041744992751105,-0.025687374164413454,0.017645629171662347
20240119,0.006106886852728968,-0.014748311656526548,0.020855198509255518
20240122,0.039868317000267724,0.011119548858619757,0.028748768141647965
20240123,0.01201155184344139,-0.027790964751216823,0.039802516594658215
20240124,-0.04565189570697809,-0.09333345930238544,0.04768156359540735
20240125,-0.08050409680065261,-0.13620251272608516,0.05569841592543255
20240126,-0.11403943150928311,-0.16029983093733902,0.046260399428055904
20240129,-0.14234008393927705,-0.20345343674868405,0.061113352809406996
20240130,-0.10453161045594883,-0.16468894940694018,0.060157338950991346
20240131,-0.08429632696041488,-0.1460615094541179,0.06176518249370301
20240201,0.006440275602459016,-0.09460745906294216,0.10104773466540118
20240202,0.054690465408806684,-0.019074700081716606,0.07376516549052328
20240205,0.10515870944192791,0.10025530614365843,0.004903403298269479
20240206,0.08744763101667148,0.11019077156016395,-0.02274314054349247
20240207,0.05968713630491647,0.1954016987998418,-0.1357145624949253
20240208,0.05568822677395455,0.14581762125782222,-0.09012939448386767
20240219,0.0196071414224963,0.14083781091865633,-0.12123066949616003
20240220,0.028201111123558633,0.1561407560819644,-0.12793964495840576
20240221,2.3592861081912178e-05,0.05421169756843809,-0.05418810470735618
20240222,0.014397464972259164,0.05558577694286906,-0.04118831197060989
20240223,0.01571520675278794,0.02874014396110176,-0.013024937208313821
20240226,0.021394722304421968,0.00888890877002123,0.012505813534400738
20240227,0.00039737300634629645,-0.039557502014225754,0.03995487502057205
20240228,0.03365763746803273,0.047468228114216304,-0.013810590646183576
20240229,0.0030621497382899575,0.006176309488775312,-0.003114159750485355
20240301,0.003482297728777172,0.004185061782409092,-0.0007027640536319199
20240304,0.01300434920526344,0.022175737620500797,-0.009171388415237357
20240305,0.025397323110150808,0.05024241702275906,-0.024845093912608255
20240306,0.027081838344264628,0.027313742426398568,-0.00023190408213394006
20240307,0.023380477756540067,0.029961946767287213,-0.006581469010747146
20240308,0.02601194587903226,0.0355264820751714,-0.009514536196139144
20240311,0.02911173989322696,0.03825421350623073,-0.009142473613003774
20240312,0.022457639472804467,0.0231608761049002,-0.0007032366320957328
20240313,0.02782170458625167,0.03770305620223825,-0.009881351615986581
20240314,0.03172913470232749,0.04702661273113156,-0.015297478028804073
20240315,0.006396446230310703,0.0246026291416271,-0.0182061829113164
20240318,-0.021224876519489094,-0.02371485718773609,0.002489980668246995
20240319,-0.015387668550278635,-0.02299228599787355,0.0076046174475949135
20240320,-0.0497533096154833,-0.06931476325626656,0.019561453640783266
20240321,-0.03315690797509465,-0.054060077716527176,0.020903169741432526
20240322,-0.009377296052497121,-0.03345268178013732,0.0240753857276402
20240325,0.031792802966496524,0.012880380838868968,0.018912422127627556
20240326,0.034727364078745236,0.008363404416271288,0.02636395966247395
20240327,0.05905655889242868,0.03567354213279941,0.02338301675962927
20240328,0.022640378847275287,-0.011906425228869658,0.034546804076144945
20240329,0.021586550564887313,-0.008777473002039862,0.030364023566927176
20240401,-0.012260200065975472,-0.05355015795622368,0.041289957890248204
20240402,-0.026464766976628914,-0.03008330731236557,0.003618540335736657
20240403,-0.025442090119268485,-0.033360093582303955,0.007918003463035471
20240408,-0.04240314752564642,-0.03522308088490278,-0.0071800666407436375
20240409,-0.1052193013006183,-0.10151108617332104,-0.003708215127297257
20240410,-0.049370098894610005,-0.04628435048056178,-0.0030857484140482255
20240411,-0.049620058030052906,-0.044471924366250505,-0.005148133663802401
20240412,-0.05060191358776322,-0.039836411302332474,-0.010765502285430745
20240415,-0.03144062951785621,-0.011927259462652976,-0.019513370055203233
20240416,0.0417253671173779,0.018890354057886194,0.022835013059491704
20240417,-0.00043501843980745425,-0.001896079034523653,0.0014610605947161987
20240418,0.003553138021358758,0.005711667291592986,-0.002158529270234228
20240419,0.0011828009152893878,0.02793819588456738,-0.026755394969277993
20240422,0.023537480724757386,0.07273547980409661,-0.04919799907933923
20240423,0.03476199196547941,0.058298621040244795,-0.023536629074765385
20240424,0.04515884352600007,0.06052776084412907,-0.015368917318129005
20240425,0.05532128307866933,0.06197009664063168,-0.006648813561962355
20240426,0.03173359501128443,0.029396981835584014,0.002336613175700414
20240429,0.019808089214479623,0.020439567759905467,-0.0006314785454258447
20240430,0.014773230616429404,0.02570377923754507,-0.010930548621115666
20240506,-0.014824289731925256,-0.016476059137825915,0.0016517694059006594
20240507,-0.012754935918408069,-0.017809269416065844,0.0050543334976577755
20240508,-0.0054945523184962005,-0.012485205297531957,0.006990652979035756
20240509,-0.013584160151166615,-0.018732828214968442,0.005148668063801827
20240510,0.006645663372855148,0.0018409551715027667,0.004804708201352381
20240513,0.019868803286230335,0.021115043907248762,-0.0012462406210184268
20240514,0.00474930525472931,0.0013363500746847424,0.003412955180044568
20240515,0.01449207733615823,0.013302934399341713,0.0011891429368165174
20240516,-0.013167363731299285,-0.010733905513109012,-0.0024334582181902726
20240517,-0.03270790628710958,-0.03675373495353475,0.004045828666425166
20240520,-0.031180368768283968,-0.0407169191618038,0.009536550393519829
20240521,-0.03173784662921494,-0.040087375722912315,0.008349529093697378
20240522,-0.029425140220965644,-0.03851166252364802,0.009086522302682379
20240523,-0.014191008477820836,-0.03154366022679788,0.017352651748977044
20240524,-0.0030714199839323676,-0.017070683585528802,0.013999263601596434
20240527,-0.028972411001731698,-0.03645873997715316,0.007486328975421463
20240528,-0.02809378029893987,-0.025785643504482664,-0.002308136794457207
20240529,-0.04872269787049801,-0.05212282598125869,0.0034001281107606807
20240530,-0.07885218764591506,-0.06735158311860294,-0.011500604527312122
20240531,-0.05734952888620584,-0.055772263059056186,-0.0015772658271496556
20240603,-0.03379257532330669,-0.04069992412202829,0.0069073487987215965
20240604,-0.022550184696159315,-0.01846480835729985,-0.0040853763388594665
20240605,-0.00949069371391921,-0.005143481301327203,-0.004347212412592007
20240606,0.0287217565605109,0.03300528528551779,-0.004283528725006893
20240607,0.006482892909134497,0.006844152909007874,-0.00036125999987337686
20240611,0.009002860483388456,0.015046059129447153,-0.0060431986460586975
20240612,-0.008699569959976228,-0.007065932861107975,-0.0016336370988682524
20240613,-0.02093635424345824,-0.0218849391756669,0.0009485849322086598
20240614,-0.02884267217489209,-0.023222382640580744,-0.005620289534311346
20240617,-0.052316376200773326,-0.049205417667920075,-0.0031109585328532516
20240618,-0.05729815128194734,-0.06247067999174177,0.005172528709794434
20240619,-0.028683484312436145,-0.03449610031114073,0.005812615998704588
20240620,-0.025662617244602767,-0.02974316354510671,0.004080546300503942
20240621,-0.02470841804548783,-0.019449414445847392,-0.00525900359964044
20240624,0.018807175576196142,0.021626000496467294,-0.002818824920271152
20240625,0.015130939259997147,0.019672398954011266,-0.00454145969401412
20240626,-0.017372612021209283,-0.005372827000597072,-0.011999785020612212
20240627,-0.019612411197041327,-0.01788575134076275,-0.0017266598562785777
20240628,-0.0203915101155027,-0.010663766821560032,-0.009727743293942668
20240701,-0.04323851553722408,-0.05024889797717038,0.007010382439946297
20240702,-0.024821805204194577,-0.03937190180436391,0.014550096600169333
20240703,-0.027634719500092997,-0.04301873436668528,0.015384014866592285
20240704,0.02180882216016856,0.012408118238797167,0.009400703921371394
20240705,0.01163736605929746,-0.0006108463320420895,0.01224821239133955
20240708,0.023713552226941745,0.012067475385357788,0.011646076841583957
20240709,0.008777557292424848,0.006030181887115229,0.002747375405309619
20240710,0.008420749354853626,-0.0012635469819058565,0.009684296336759482
20240711,-0.013676677163934055,-0.026194717894758458,0.012518040730824402
20240712,-0.015368569530035256,-0.022878957860752253,0.007510388330716997
20240715,-0.005746338477379526,-0.005051229297501752,-0.0006951091798777734
20240716,-0.021266357790060225,-0.023754921046962748,0.0024885632569025228
20240717,-0.025359674074769467,-0.03037626837659968,0.005016594301830213
20240718,-0.018539045879167593,-0.027261171508568428,0.008722125629400834
20240719,-0.01360226955780521,-0.009596148915464228,-0.004006120642340983
20240722,-0.016119228629174646,-0.005645283608203923,-0.010473945020970724
20240723,0.004584330738369642,0.019326713227058756,-0.014742382488689115
20240724,0.04948411861415546,0.06914200099930229,-0.019657882385146826
20240725,0.05375769262528131,0.0684019133172388,-0.01464422069195749
20240726,0.0226593550558582,0.04455616015274947,-0.02189680509689127
20240729,0.003909128105854948,0.009794561555889422,-0.005885433450034474
20240730,0.011334577622326692,0.020548636605370367,-0.009214058983043675
20240731,-0.011785632262336955,-0.014991306402917418,0.0032056741405804626
20240801,-0.0160854110003854,-0.027003415266396553,0.010918004266011153
20240802,-0.011259864962053884,-0.027464977555581062,0.01620511259352718
20240805,0.0050895860201708495,-0.016955934718767163,0.022045520738938014
20240806,-0.0020700069896094518,-0.02550150729416405,0.023431500304554598
20240807,-0.012553480455777878,-0.02470505406113271,0.012151573605354833
20240808,-0.004494751480553318,-0.013312029663153736,0.008817278182600419
20240809,-0.005060028900576161,-0.01398620016465978,0.00892617126408362
20240812,-0.0007632705514114059,-0.005892536399887407,0.005129265848476001
20240813,-0.026002321777805322,-0.025541051233918952,-0.0004612705438863697
20240814,-0.021150093368510318,-0.027294781075871577,0.006144687707361259
20240815,-0.040899569406377935,-0.050296265746603674,0.00939669634022574
20240816,-0.0386990987211948,-0.044399985127556246,0.005700886406361447
20240819,-0.024206178027396715,-0.03420403522917469,0.009997857201777972
20240820,-0.020312022395617333,-0.03518452818716475,0.014872505791547416
20240821,-0.013539831946108144,-0.028224119790248973,0.01468428784414083
20240822,0.020292331146425088,0.0008973441527846948,0.01939498699364039
20240823,0.03809376825823105,0.026315209407626477,0.011778558850604571
20240826,0.012817264487635559,0.003651001489477324,0.009166262998158235
20240827,0.03610483552586036,0.026106339706970353,0.009998495818890004
20240828,0.022408691468914325,0.01749052310164978,0.004918168367264546
20240829,0.019608324330910667,0.015273605612282026,0.0043347187186286405
20240830,-0.014729455754210115,-0.020579444897997855,0.00584998914378774
20240902,-0.0011156496649661722,-0.009419870698583976,0.008304221033617804
20240903,-0.005760911606321337,-0.017106725148214704,0.011345813541893367
20240904,-0.007358687374890535,-0.014640095663515606,0.0072814082886250705
20240905,-0.01768436795274544,-0.02809405377102709,0.01040968581828165
20240906,-0.011110535615587329,-0.025462457346037512,0.014351921730450183
20240909,-0.01638186727103307,-0.029731812883847415,0.013349945612814346
20240910,0.0009279537622827119,-0.005964346557841034,0.006892300320123747
20240911,0.0062818089821969495,0.0004407136393012359,0.005841095342895714
20240912,0.007608861737898268,0.012511245371060617,-0.004902383633162349
20240913,0.053584696355637396,0.05611232722394534,-0.0025276308683079424
20240918,0.07376942889609914,0.0714743409450306,0.0022950879510685307
20240919,0.08346313707435953,0.08290385518357078,0.0005592818907887431
20240920,0.1281311712132779,0.12439919104262893,0.003731980170648977
20240923,0.22223675002509566,0.21059556291905204,0.011641187106043616
20240924,0.24194581068675142,0.2524544084958819,-0.010508597809130493
20240925,0.13837285962270465,0.14406194745023598,-0.005689087827531331
20240926,0.10239303667545828,0.1027137886923948,-0.00032075201693651523
20240927,0.026202789223645787,0.02047884185288168,0.005723947370764107
20240930,-0.031394455770652106,-0.034378357582486786,0.00298390181183468
20241008,-0.08732879966823583,-0.09763586637459677,0.010307066706360946
20241009,-0.013071899499001467,-0.023362949694669594,0.010291050195668127
20241010,-0.02448535806377673,-0.01168142309985933,-0.012803934963917398
20241011,0.028932785749354914,0.04876229983117042,-0.019829514081815505
20241014,0.015365372084518356,0.03212145431610263,-0.016756082231584275
20241015,0.047585473927298276,0.06551855142437277,-0.01793307749707449
20241016,0.04195995637966169,0.05417107084861862,-0.012211114468956931
20241017,0.054837409454459404,0.06185748988690181,-0.007020080432442406
20241018,0.05423437811102563,0.056432829744191525,-0.002198451633165892
20241021,0.07429521516024815,0.07041381488165156,0.0038814002785965834
20241022,0.03285937580034636,0.052132065331293206,-0.019272689530946845
20241023,0.03971802133768448,0.058569335142558805,-0.01885131380487433
20241024,0.053320828539346825,0.09059847347210843,-0.03727764493276161
20241025,0.002839339789882988,0.026259754874539156,-0.023420415084656167
20241028,0.0027514499875881796,-0.00107407818833463,0.0038255281759228097
20241029,0.035294391792863124,0.035942812646494605,-0.0006484208536314817
20241030,0.045550077417998866,0.034420366106082276,0.01112971131191659
20241031,0.05638929304740598,0.02795678516132618,0.028432507886079803
20241101,0.07580090386042936,0.07815697468417528,-0.0023560708237459205
20241104,0.07241590958151463,0.07451294849546523,-0.002097038913950605
20241105,0.03875069980606182,0.030202310883371972,0.008548388922689849
20241106,0.04023608341546494,0.020993211978782195,0.019242871436682744
20241107,-0.020021776977144003,-0.03565059271127256,0.01562881573412856
20241108,-0.020770444980756538,-0.06303297290889884,0.0422625279281423
20241111,-0.0902339264014149,-0.054665485397204304,-0.03556844100421059
20241112,-0.06508891696563315,-0.017264585218140057,-0.04782433174749309
20241113,-0.03544313870250374,-0.004377373427355103,-0.03106576527514864
20241114,-0.0025087543375657308,0.026287582566018996,-0.028796336903584727
20241115,0.0018688497347711132,0.004139787608070587,-0.0022709378732994733
20241118,0.030230071117960715,0.02897346421388375,0.0012566069040769665
20241119,-0.0012033700764209122,0.002914011429494465,-0.004117381505915377
20241120,-0.010191058554483559,-0.0031103030570981093,-0.00708075549738545
20241121,-0.013393996594768783,-0.0034063939362339256,-0.009987602658534857
20241122,0.030225300784507782,0.042419115837593474,-0.012193815053085692
20241125,0.050207601717684694,0.04287655280225641,0.0073310489154282815
20241126,0.0657713953535085,0.04862221082269975,0.01714918453080875
20241127,0.04117305841116834,0.016221603995373736,0.024951454415794605
20241128,0.054671229261378365,0.021604888471121082,0.03306634079025728
20241129,0.05414078052451496,0.022895177130313984,0.031245603394200974
20241202,0.025737128393025364,0.011001202400868439,0.014735925992156925
20241203,0.023208242364253548,0.01000604771931428,0.013202194644939267
20241204,0.0564903095572013,0.029046879101631333,0.02744343045556997
20241205,0.05072726358050397,0.03907521749022261,0.011652046090281365
20241206,0.03557500830475261,-0.004697304947943292,0.0402723132526959
20241209,0.030798532967614898,-0.007735595080836881,0.03853412804845178
20241210,-0.029196700675614588,-0.01842267700677546,-0.010774023668839127
20241211,-0.05050801735576191,-0.018908021380452486,-0.03159999597530942
20241212,-0.07201348446765764,-0.027790115888709603,-0.044223368578948034
20241213,-0.04904213312195167,-0.011021674501035894,-0.03802045862091578
20241216,-0.060540227970508516,-0.07990362842188785,0.019363400451379333
20241217,-0.012520725129105844,-0.035379674856136994,0.02285894972703115
20241218,-0.03203564605730246,-0.06507099098923051,0.03303534493192805
20241219,-0.02631990213943474,-0.04369960165669611,0.01737969951726137
20241220,-0.02326450235273389,-0.035691963262575496,0.012427460909841606
20241223,0.012796792347675702,-0.012876579630321083,0.025673371977996785
20241224,-0.019880303765908793,-0.044704033390738536,0.024823729624829743
20241225,-0.019455287158983366,-0.030508440541403583,0.011053153382420217
20241226,-0.06625241177604364,-0.08592775405462408,0.019675342278580435
20241227,-0.07643080437197128,-0.10109011637847515,0.02465931200650387
20241230,-0.05448273013638694,-0.06643611493776433,0.011953384801377386
20241231,-0.03517562925701748,-0.03803613603759385,0.002860506780576373
20250102,-0.019758198120803556,-0.0242542274398086,0.004496029319005043
20250103,-0.009499692177308887,-0.014906104045154219,0.005406411867845332
20250106,-0.008218919668811291,-0.009685175530128922,0.0014662558613176314
20250107,0.016954914323968395,0.015498083620995124,0.0014568307029732708
20250108,0.017697208075461063,0.007516422301005747,0.010180785774455317
20250109,0.024567649957269816,0.01067069790292206,0.013896952054347756
20250110,0.05431205964376096,0.04165559650331624,0.012656463140444718
20250113,0.06439389558820242,0.0630381198438099,0.0013557757443925234
20250114,0.022187629401344076,0.012702798066197589,0.009484831335146488
20250115,0.01178669466841874,0.0016159327508541768,0.010170761917564565
20250116,0.006189744454103125,-0.015865971362344546,0.02205571581644767
20250117,0.00939169874458696,0.0007618719855410346,0.008629826759045925
20250120,-0.006993560076262889,-0.026012039609383603,0.019018479533120716
20250121,1.0384329152988366e-05,-0.018187450808280915,0.018197835137433904
20250122,0.0293250387762354,0.01574345454522767,0.013581584231007731
20250123,0.044169966286462636,0.042446080722288726,0.0017238855641739104
20250124,0.05534563051149921,0.04564313257493503,0.009702497936564178
20250127,0.06008813327258517,0.06557443758563435,-0.005486304313049174
20250205,0.059544570585902866,0.07655617803709917,-0.017011607451196308
20250206,0.026050263175909794,0.04573795399349823,-0.01968769081758844
20250207,0.015316085136775135,0.026215572552489855,-0.01089948741571472
20250210,0.009263247495147566,0.02205188898816937,-0.012788641493021806
20250211,-0.009327606200400294,-0.003840508925069045,-0.005487097275331249
20250212,0.0024817211033575466,0.003059731856468861,-0.0005780107531113145
20250213,0.02041632171681937,0.018872739254816837,0.0015435824620025317
20250214,0.018347600409174474,0.03695767484778367,-0.0186100744386092
20250217,0.018842420264925146,0.025068459630173134,-0.006226039365247987
20250218,0.03411121919001277,0.04721426050187017,-0.013103041311857404
20250219,0.031869683437926774,0.035398292528118096,-0.0035286090901913217
20250220,0.019237069715903356,0.020000576650952836,-0.0007635069350494794
20250221,-0.016059002732897766,-0.03053238258933101,0.014473379856433245
20250224,-0.015289709749049706,-0.031627619750902884,0.016337910001853178
20250225,0.002670629082921121,-0.017510770357628495,0.020181399440549617
20250226,-0.007016773981891163,-0.024804395982499245,0.017787622000608082
20250227,0.010019757808440442,-0.002153891077756835,0.012173648886197277
20250228,0.03375345655612963,0.027701108171152962,0.006052348384976668
20250303,0.03371719223559949,0.03575639990106026,-0.002039207665460771
20250304,0.028044458417389076,0.03234424374553541,-0.004299785328146337
20250305,0.03514504942418402,0.027588036193127177,0.007557013231056842
20250306,0.007916935187243526,-0.003294795028429568,0.011211730215673094
20250307,0.021698729721492126,0.018180260637401743,0.0035184690840903837
20250310,0.021772441579169008,0.020520386029980096,0.0012520555491889115
20250311,0.026834091437381944,0.01508398856113128,0.011750102876250664
20250312,0.010402339056806814,0.008752029192690542,0.0016503098641162724
20250313,0.030257311291303938,0.014871019010583797,0.015386292280720141
20250314,-0.009220057982222042,-0.009115887415297091,-0.00010417056692495034
20250317,-0.02823254928318192,-0.025678900810007364,-0.002553648473174557
20250318,-0.03674916514003869,-0.032856017963186414,-0.0038931471768522755
20250319,-0.028249331592842854,-0.021796715925234793,-0.006452615667608061
20250320,-0.03349051586248901,-0.03361722777545718,0.00012671191296816792
20250321,-0.02665401403114461,-0.03071953113402773,0.00406551710288312
20250324,-0.023326519028622178,-0.03155796220550654,0.00823144317688436
20250325,-0.009327750315593611,-0.023357332212964065,0.014029581897370453
20250326,-0.016570043188496628,-0.026889534919439684,0.010319491730943056
20250327,-0.01914231881363855,-0.020258916370795306,0.0011165975571567552
20250328,-0.09562034880715936,-0.09775071939783672,0.0021303705906773607
20250331,-0.11709565660142789,-0.09944854523674955,-0.017647111364678336
20250401,-0.08299222584005547,-0.10165008316954392,0.01865785732948845
20250402,-0.06292352445521082,-0.07663737496984854,0.013713850514637721
20250403,-0.05328780348671505,-0.053163775016965946,-0.00012402846974910592
20250407,0.06110419264963123,0.06262207430529713,-0.0015178816556659022
20250408,0.07322314673634113,0.07636275061661028,-0.003139603880269154
20250409,0.040422438018474664,0.03825452872728401,0.0021679092911906575
20250410,0.023235137971326068,0.01341474570105061,0.009820392270275457
20250411,0.021902773155958385,0.0010055382866927592,0.020897234869265625
20250414,0.013775947960007986,0.0006017124927845936,0.013174235467223393
20250415,0.01680019915004573,0.006083003366031119,0.010717195784014612
20250416,0.01542732330790368,0.031324540450090615,-0.015897217142186934
20250417,0.013456881942767583,0.014605572323577894,-0.0011486903808103112
20250418,0.019846684936832764,0.020284231562429627,-0.00043754662559686297
20250421,-0.0026115609339216386,-0.02085216805115928,0.018240607117237642
20250422,-0.003069891913071029,-0.01623781207285151,0.013167920159780482
20250423,0.0014208883683549114,-0.009176421228188875,0.010597309596543786
20250424,0.026221402014546,0.025807003630474182,0.00041439838407181934
20250425,0.0345312561516896,0.027053945037934353,0.007477311113755249
20250428,0.0635105170542825,0.05376930524245834,0.009741211811824156
20250429,0.04573264350234819,0.036211834552610185,0.009520808949738002
20250430,0.050382460192701005,0.046571396637032955,0.0038110635556680497
20250506,0.021814033358147515,0.013297495284631955,0.00851653807351556
20250507,0.012279372207936838,0.013534499317430162,-0.0012551271094933241
20250508,-0.00622981069285622,-0.004005873546602997,-0.0022239371462532227
20250509,0.008725356475786561,0.01932726467017942,-0.010601908194392858
20250512,0.01002707496560115,0.010100129645255479,-7.305467965432882e-05
20250513,0.025000852557245958,0.017584035871338864,0.007416816685907095
20250514,0.017023384671849835,0.004044008516659307,0.012979376155190528
20250515,0.012219313652612395,0.0003434678714975732,0.011875845781114822
20250516,-0.001968910980975896,-0.013444599890033056,0.01147568890905716
20250519,-0.004703407412892947,-0.011998087550880148,0.007294680137987201
20250520,-0.009277728760610261,-0.014304160410521525,0.005026431649911263
20250521,-0.008495266760789481,-0.01206568652089719,0.0035704197601077094
20250522,0.017683965585373086,0.011723490095154453,0.005960475490218633
20250523,0.01268699290550342,0.008335471348447945,0.004351521557055475
20250526,0.014791574211140508,0.007448512438657659,0.007343061772482849
20250527,0.019924587804524687,0.00911439280422955,0.010810195000295137
20250528,0.02220380832811081,0.010160274353637259,0.012043533974473553
20250529,0.014071574872667244,-0.007111688563078215,0.021183263435745458
20250530,0.036819191459300994,0.024051149322791385,0.01276804213650961
20250603,0.022642937602168955,0.013413638647186811,0.009229298954982144
20250604,0.013709660725281958,0.006161191293391643,0.007548469431890315
20250605,0.008911879178906526,0.01081168882872279,-0.0018998096498162639
20250606,-0.008937471935989842,-0.00449186869421307,-0.004445603241776772
20250609,-0.014195860819360692,-0.006917628021445899,-0.007278232797914792
20250610,-0.00612333169382578,-0.008368280370509787,0.0022449486766840067
20250611,-0.018271041545371635,-0.018495249414871583,0.0002242078694999483
20250612,-0.031175415363991304,-0.04003033185241634,0.008854916488425037
20250613,-0.018880096418948198,-0.028319764978990494,0.009439668560042296
20250616,-0.009177242587040703,-0.02235541955204047,0.013178176964999767
20250617,0.008939422287810295,-0.0033554064952910456,0.012294828783101341
20250618,0.024487406715285553,0.012402495549812202,0.01208491116547335
20250619,0.0398879238660166,0.03138776271149846,0.00850016115451814
20250620,0.05131784249832366,0.0422415571947552,0.009076285303568465
20250623,0.045203051875468685,0.03764805127496102,0.007555000600507664
20250624,0.029909671930898243,0.03146213875659167,-0.0015524668256934292
20250625,0.019604007145490186,0.01585600084142973,0.0037480063040604555
20250626,0.028157268543936333,0.017395553093156255,0.010761715450780078
20250627,0.011597516608070953,0.00565178384627231,0.005945732761798644
20250630,0.008244359045041665,-0.0017476045472660953,0.00999196359230776
20250701,0.016788609198018417,0.007104056236445183,0.009684552961573233
20250702,0.017624755003451432,0.010342311668285215,0.007282443335166217
20250703,0.014447627112853101,0.005219115580693687,0.009228511532159415
20250704,0.026657600669865392,0.02046854596962961,0.006189054700235782
20250707,0.026228744500623,0.014628582939237423,0.011600161561385576
20250708,0.0043033570776735315,-0.00687381367331115,0.01117717075098468
20250709,0.014743562194035066,-0.006888576100881576,0.021632138294916642
20250710,0.01629281221266276,-0.0013551150378057937,0.017647927250468553
20250711,0.01633149203671094,0.0019572400382880323,0.014374251998422908
20250714,0.02298130541640386,0.012927211045323742,0.010054094371080118
20250715,0.03885665400022953,0.024663597228671806,0.014193056771557723
20250716,0.02337822436824476,0.010845927912798242,0.012532296455446519
20250717,0.027284000802016616,0.014538800089697358,0.012745200712319257
20250718,0.02899170358302887,0.013988251499968974,0.015003452083059894
20250721,0.013539974691273876,0.008446922725332599,0.005093051965941278
20250722,0.006400435384020615,0.0051963832092010945,0.0012040521748195206
20250723,0.009115191689681546,0.0035489203531101033,0.005566271336571443
20250724,-0.013440441299001021,-0.020409180881792454,0.006968739582791433
20250725,-0.007505081891095894,-0.012293258503207635,0.0047881766121117405
20250728,0.0015953009524879787,-0.0053679289706414545,0.006963229923129434
20250729,0.010823630662468298,0.002660850152096999,0.008162780510371299
20250730,0.015471055617350554,0.014730453416676921,0.0007406022006736322
20250731,0.029009019330114582,0.02539155256036387,0.003617466769750711
20250801,0.02308827743723031,0.02695361870344676,-0.003865341266216453
20250804,0.025818521961648574,0.03307142035612291,-0.007252898394474339
20250805,0.018410838729739795,0.024622507815143295,-0.0062116690854035
20250806,0.01869340504053258,0.028265640573560315,-0.009572235533027735
20250807,0.006694626025284697,0.01031434600333139,-0.0036197199780466927
20250808,0.016549008215180634,0.022568368256258183,-0.006019360041077549
20250811,0.01113254004330927,0.026874611993822618,-0.01574207195051335
20250812,0.022225841723903867,0.031910284143452185,-0.009684442419548318
20250813,0.02748268617800348,0.028057938579696587,-0.0005752524016931077
20250814,0.042309087466185794,0.03171831561080907,0.010590771855376727
20250815,0.030847143865056187,0.01979930852516906,0.011047835339887128
20250818,0.0357543374120772,0.01985127455626583,0.015903062855811372
20250819,0.03377091997546618,0.013784605507037162,0.019986314468429023
20250820,-0.003902045266018013,-0.010768366545871561,0.006866321279853548
20250821,0.0009457224154732891,0.007825147519118053,-0.006879425103644764
20250822,-0.003902426706462434,-0.004708054829834981,0.0008056281233725466
20250825,-0.002682221040964456,-0.008449779770911646,0.00576755872994719
20250826,-0.021789102998291298,-0.02593191093306123,0.004142807934769933
20250827,-0.012147824988956711,-0.026939306809686585,0.014791481820729873
20250828,-0.023416449326657193,-0.03434884120363984,0.010932391876982646
20250829,-0.0038788984819613523,-0.01548941726717144,0.011610518785210088
20250901,-0.0012372700106117024,-0.01252752259478158,0.011290252584169876
20250902,0.009202781067033901,-0.006275244197136011,0.015478025264169911
20250903,0.03033839332679888,0.014707421697620926,0.015630971629177953
20250904,0.03805906211320985,0.039786439341787855,-0.001727377228578006
20250905,0.023041847717906776,0.014641691835140636,0.00840015588276614
20250908,0.007487696855264474,0.009589073532052078,-0.0021013766767876037
20250909,0.019505614590380208,0.02167528628370181,-0.002169671693321603
20250910,0.027323425830320915,0.018061936068896275,0.00926148976142464
20250911,0.0007299803253099105,-0.0018385823966868516,0.0025685627219967622
20250912,-0.003490721459083319,-0.010335964442231265,0.006845242983147946
20250915,0.00023415063478289866,-0.013001477714610596,0.013235628349393494
20250916,-0.019012313586525494,-0.031408173982727605,0.012395860396202111
20250917,-0.012359268356484432,-0.021037600105132014,0.008678331748647582
20250918,-0.005820383198605803,-0.01128932284461148,0.005468939646005678
20250919,-0.003449779873793476,-0.01696367981468677,0.013513899940893293
20250922,0.006634014426359171,-0.0067164666195057374,0.013350481045864908
20250923,0.017176264459848673,0.0018653349245417639,0.015310929535306909
20250924,0.01720582218250309,0.003972006164511271,0.01323381601799182
20250925,0.009761713201646342,0.01700687001161762,-0.007245156809971278
20250926,0.015698744720052844,0.020493947226545694,-0.0047952025064928495
20250929,-0.008502388876422561,0.011587207797761921,-0.02008959667418448
20250930,0.0034352942503000686,0.018087442408219162,-0.014652148157919093
20251009,-0.01696921527616237,0.0008559166126355898,-0.01782513188879796
20251010,-0.038363737583978486,-0.023002983930873265,-0.01536075365310522
20251013,-0.02262829566067035,-0.015530211966474673,-0.007098083694195678
20251014,0.011040028409724517,0.0019416667631172023,0.009098361646607314
20251015,-0.0008096122241870587,-0.009835175109072425,0.009025562884885365
20251016,0.01135778601155185,-0.005758702294027716,0.017116488305579568
20251017,0.03565172942734364,0.021278193221476806,0.014373536205866833
20251020,0.03259923654271181,0.020654193767684383,0.011945042775027427
20251021,0.013920747495546117,0.006612904245819755,0.007307843249726362
20251022,0.010266026981913343,0.011321918553843985,-0.0010558915719306415
20251023,-0.00229608296069275,0.002020692340897251,-0.004316775301590001
20251024,0.007679054438957055,0.0021441612822544,0.005534893156702655
20251027,0.012075344469801661,0.0032799151037042995,0.008795429366097361
20251028,0.007759437901224198,0.0010966764289194885,0.006662761472304709
20251029,0.01008452294712351,0.012884194070406396,-0.0027996711232828857
20251030,0.025539753549679797,0.029925548844050128,-0.0043857952943703316
20251031,0.01720835554109521,0.02735625476750728,-0.010147899226412072
20251103,0.01655116653819729,0.02235095411976282,-0.005799787581565529
20251104,0.023246246889565537,0.029893584691652493,-0.006647337802086956
20251105,0.009683282664050377,0.012634451460480253,-0.0029511687964298757
20251106,0.014444355221652931,0.017846347107980196,-0.003401991886327265
20251107,0.013818324809364945,0.017818222634103254,-0.003999897824738309
20251110,0.006724546562710002,0.017553431851229716,-0.010828885288519715
20251111,-0.00943364009665103,-0.013022555047217076,0.0035889149505660464
20251112,-0.009413519383827512,-0.02072675233737074,0.011313232953543228
20251113,-0.02651904437656001,-0.04319247299627986,0.01667342861971985
20251114,-0.05958533215677536,-0.08081072603382082,0.02122539387704546
20251117,-0.04907598165832293,-0.07840428692745344,0.02932830526913051
20251118,-0.028872440057088843,-0.04262964649310174,0.013757206436012897
20251119,-0.023105461338582878,-0.03350199357724813,0.010396532238665254
20251120,-0.014624201468715242,-0.022689716483829194,0.008065515015113952
20251121,0.035167265808859066,0.039876845946369026,-0.00470958013750996
20251124,0.026719438672638166,0.03672358795239686,-0.010004149279758692
20251125,0.011773960022250398,0.015334419464452197,-0.0035604594422017997
20251126,0.013678533423104764,0.011141025890948867,0.002537507532155897
20251127,0.008166035311386481,0.0010316581065425224,0.0071343772048439585
20251128,0.009042886129439622,-0.0002270928560310951,0.009269978985470717
20251201,0.0001288022501199628,0.011381032973261637,-0.011252230723141675
20251202,-0.004754083278975312,0.00875928017807452,-0.013513363457049832
20251203,0.0017737416828507635,0.0152953983399121,-0.013521656657061336
20251204,-0.006738085223392492,0.006051105513933788,-0.01278919073732628
20251205,-0.020972634189232477,-0.009302618497647042,-0.011670015691585435
20251208,-0.021133454332653578,-0.020208743171227197,-0.0009247111614263809
20251209,-0.020772096551395343,-0.03826983808709233,0.017497741535696984
20251210,-0.018807744208759504,-0.03935792164810918,0.020550177439349677
20251211,0.0032571567146653766,-0.02266961239434162,0.025926769109006997
20251212,0.01939741672009402,-0.0037263772160519536,0.023123793936145973
20251215,0.01884669545267848,0.009348284843537258,0.009498410609141224
20251216,0.02349273470543003,0.025288887347927894,-0.0017961526424978627
20251217,0.02603528166660991,0.04244698291870787,-0.016411701252097958
20251218,0.030955026919798876,0.047570920565806675,-0.0166158936460078
20251219,0.013234885268727035,0.0344124972714592,-0.021177612002732167
20251222,0.006990857929770237,0.023347157513009916,-0.01635629958323968
20251223,0.009230360756653042,0.029038170492445465,-0.019807809735792423
20251224,0.0024567791360910296,0.004679764239374542,-0.0022229851032835126
20251225,0.006899184517058419,0.012309686733376143,-0.005410502216317724
20251226,0.023749266738613366,0.01851686083697167,0.005232405901641698
20251229,0.020760088841291848,0.028444055209777944,-0.007683966368486096
20251230,0.0332809690495657,0.04459689552298244,-0.01131592647341674
20251231,0.04162449057169714,0.06401400960124613,-0.022389519029548992
20260105,0.046708548406956256,0.0810515149304946,-0.03434296652353835
20260106,0.024630474922622093,0.039643708384690085,-0.015013233462067992
20260107,0.025566462379936677,0.04293765496758657,-0.017371192587649895
20260108,0.01864801271883743,0.017424755489941365,0.0012232572288960637
20260109,0.009572842859736936,-0.00882953360002333,0.018402376459760266
20260112,0.013350203096826255,-0.0301588107821477,0.043509013878973955
20260113,0.02295411604033248,-0.02447324097289345,0.04742735701322593
20260114,0.022151551182670724,-0.02667986358057194,0.04883141476324267
20260115,0.02863270949250498,0.006259104141130132,0.02237360535137485
20260116,0.03836958029437871,0.029916247358202537,0.008453332936176172
20260119,0.01841348163370129,0.014022152714679175,0.004391328919022117
20260120,0.020606175518738553,0.00511710674435811,0.015489068774380443
20260121,0.01473762901057642,0.003472829464974267,0.011264799545602153
20260122,0.003029292525881399,-0.006794153776974762,0.009823446302856162
20260123,-0.014702810853521797,-0.021011045285926185,0.006308234432404388
20260126,-0.03082334475096717,-0.03425890317638593,0.0034355584254187575
20260127,-0.010020671854782783,-0.010545709396571097,0.0005250375417883146
20260128,-0.01436740821730006,0.00808467107317955,-0.022452079290479612
20260129,-0.02223463293517437,0.005300972475564502,-0.02753560541073887
20260130,-0.014336688725238361,0.009036266261841884,-0.023372954987080245
20260202,0.035145381252558554,0.038253147506856856,-0.0031077662542983026
20260203,0.0161645251497758,0.01954870351343756,-0.003384178363661762
20260204,0.011533803704239644,0.0097590585092724,0.001774745194967245
20260205,0.007402932522750126,0.015885264480315103,-0.008482331957564978
20260206,-0.00030402942576249767,0.001228114239045782,-0.0015321436648082797
20260209,0.008525699559717232,-0.0038293315039375163,0.012355031063654749
20260210,0.010965697005192938,0.008671726220524395,0.002293970784668543
20260211,0.014915102388335266,0.011745284636169357,0.0031698177521659095
20260212,0.026739269931355995,0.023998414404785173,0.002740855526570822
20260213,0.020787613253881742,0.021053167877939,-0.00026555462405725844
20260224,-0.014027839496923492,-0.031006857542283467,0.016979018045359975
20260225,-0.03288512125882495,-0.03890174037679753,0.006016619117972577
20260226,-0.028203458255128596,-0.03327977598135117,0.0050763177262225755
20260227,-0.00968219923482083,-0.029281815464867255,0.019599616230046427
20260302,-0.016110603685229086,-0.018085278915624312,0.001974675230395226
20260303,0.005820908678921641,0.027223481740339506,-0.021402573061417865
20260304,0.030350414298479643,0.02639889582801398,0.003951518470465664
20260305,0.026443722933026544,0.009870610259205168,0.016573112673821375
20260306,0.0029124487480463447,-0.009611150635207611,0.012523599383253956
20260309,-0.003253110060273041,0.0041303632167667935,-0.007383473277039834
20260310,-0.036129974026567625,-0.014909038941045918,-0.021220935085521708
20260311,-0.03081069263080994,-0.011291179550131134,-0.019519513080678806
20260312,-0.053120784839726834,-0.0299275703855759,-0.023193214454150932
20260313,-0.0590589208674724,-0.04857580806864259,-0.01048311279882981
20260316,-0.09664770284190853,-0.10406557484230225,0.007417872000393719
20260317,-0.05131174924103117,-0.05333494355459926,0.002023194313568087
20260318,-0.042227488605865116,-0.03712327678518173,-0.005104211820683387
20260319,-0.028395262010342256,-0.030426439422582188,0.0020311774122399318
20260320,0.003026647167145785,0.015380697655190978,-0.012354050488045193
20260323,0.05418540591644242,0.06350880293263562,-0.009323397016193204
20260324,0.007136064823213361,0.00817903163532291,-0.001042966812109549
20260325,-0.0015822325852911687,-0.006847014758844455,0.005264782173553287
20260326,-0.006953121559028138,-0.009224313209651004,0.002271191650622867
20260327,-0.03894085044811538,-0.047201238737895765,0.008260388289780388
20260330,-0.020072886757134357,-0.033779998168814815,0.013707111411680458
