,pe_standard,mfi_standard,macd_standard,pe_ttm_standard,cci_standard,J_standard,turnover_rate_x_standard
20230116,-0.0,0.0013502156793323474,-0.0,-0.0011370471019626796,0.0,0.0022883775545403722,-0.0018726180807464678
20230117,-0.0,0.00014644656906987057,-0.0,-0.00046923738767627455,0.0,0.002560541877760656,-0.0025162825011323165
20230118,-0.0,-0.0,0.0005449324169235512,-0.00019611884632137307,0.0,0.003971897944396988,-0.005632511275107494
20230119,-0.00044667805241885365,-0.0007681641799980743,0.0006047477058160055,-0.0,0.0,0.003232906216079387,-0.00923011004120262
20230120,-2.835322497047707e-05,-0.0010361378005676182,-0.0,-0.0,-0.0009118147909977608,0.001992564438476129,-0.01063588128075588
20230130,-0.0,-0.0019964412612511117,-0.0008467783100073769,-0.0,-0.001604638332703395,0.0005331363603454921,-0.010950562929655051
20230131,0.00018532490998303774,-0.0013637175585818012,-0.0020127250984266535,0.00021748468156488024,-0.0012595850662422755,-0.0015967324334569184,-0.010300611591682175
20230201,0.00020161818009134964,-0.0024421285780194452,-0.0027625344719846815,0.0005448735424296341,-0.001243566113860187,-0.002429923122838468,-0.00779471881107377
20230202,7.253125596022596e-05,-0.0019250922041617877,-0.003538253655730955,0.0008557539510426552,-0.0012177928139257756,-0.004003644924004061,-0.003649379005484498
20230203,0.0,-0.001594939751882999,-0.003412075605420952,0.00032804547316661104,-0.0,-0.0039275968101212646,-0.0003996000157637954
20230206,0.0,-0.0005312514960524746,-0.0034864057008862446,0.0,0.0,-0.002203539318364598,-0.0
20230207,-0.0,-4.953205998696903e-05,-0.0020789485215484357,0.0,0.0,-0.0,0.0
20230208,-0.0,-1.6645512917302226e-05,-0.0025747506442542535,0.0,0.001376125844627259,-0.0,-0.0
20230209,-0.0008127656237132994,-0.002364255373838249,-0.002616752770611671,-0.0,0.005245281853255008,0.0,-0.0018936617390255153
20230210,-0.001219209162717076,-0.001972804420724525,-0.0024932612336200292,-0.00027788284971541887,0.004135086740991391,0.0024395630280422114,-0.00431617196734045
20230213,-0.0015634515655711335,-0.0011459567122293214,-0.0015768649133355483,-9.009779351720931e-05,0.001659907529760927,0.0030727247058723373,-0.005533250349895246
20230214,-0.0016311400340290663,-0.0,-0.0011567115135838277,-0.0,0.0,0.0021796375983810395,-0.006122583733157095
20230215,-0.0018912426702683244,0.0,-0.000786335385748565,-0.0,-0.0,0.0011390909175643016,-0.006231158006066415
20230216,-0.0020752678790348614,0.0010792799795540983,-0.001303422593678709,-0.00018038858396015169,-0.0024248063338833782,0.002188873507677708,-0.0057612369189578815
20230217,-0.0019517860434274139,0.001164405330410935,-0.0010451619351191626,-0.0004333216370591044,-0.0022283418238855874,0.0009908820148012022,-0.004631394272517717
20230220,-0.0018025312113835955,0.0010720726700794137,-0.0006072834642515462,-0.0006821358794419755,-0.00038334711439810164,-0.0,-0.003775012716547591
20230221,-0.0015632328388270752,0.0012558005591235411,-0.0,-0.0008068065901434253,0.0001091776864097356,-0.0,-0.003052833681865766
20230222,-0.001468039168355731,0.0011714423729238654,-0.0,-0.0011233746945372661,0.0002550287604510719,-0.0,-0.0029426111477429406
20230223,-0.0017202791290624642,0.0006517680446986257,-0.0,-0.0011455515226746274,0.0,-0.0,-0.0031661063123123957
20230224,-0.0018468493623747004,0.0005064021706502092,-0.0,-0.0009963375750537118,-0.0,-0.0003636066697828647,-0.003963307451304368
20230227,-0.0018660930360200332,0.0006610762662112515,0.0,-0.0013432039602962924,-0.0005843563316269047,-0.0008462309783135109,-0.004724356988361957
20230228,-0.0017149817282725555,0.0006376714991119078,0.0005027452823082737,-0.0014345254208189165,-0.002047311819923292,-0.0,-0.004756901846075495
20230301,-0.001552726104967825,0.0008945154705099552,0.0008464929726292834,-0.001322167052531408,-0.0022076372815841828,-0.00041691736639541655,-0.0042323349508023135
20230302,-0.0013379393616324397,0.0010210137191880265,0.0017672579634971056,-0.0009105489346290562,-0.0008652062004990751,-0.0019166793419475524,-0.0039019229254864713
20230303,-0.0008532407258428956,0.0011878159964351957,0.0019299790701544507,-0.0006815851523852279,-0.00026802350190928127,-0.0022344680837752366,-0.003527296312914617
20230306,-0.0006637810845250055,0.0014490758403957749,0.002151960728434701,-0.00017625914979464122,0.0,-0.003165177868650922,-0.0031535914580495005
20230307,-0.0004028801735779236,0.001765904585283768,0.0016478797098294555,0.0,0.0008244499375015083,-0.0038252369865780685,-0.0032295078433673386
20230308,-1.5033459666362467e-05,0.001644461852638291,0.0012374221476182667,0.00011797841362650733,0.001260072981944049,-0.0027781969392856624,-0.0036281035965124823
20230309,0.0,0.0005051159368065415,0.0,0.0,0.00032531631448671556,0.0,-0.0034207100296181382
20230310,0.0,0.0,-0.0,-0.0,0.0012035568692087592,0.000803090275936269,-0.004275212576803221
20230313,0.0,-0.0,-0.0,-0.0,0.0010430898003784379,0.0034784997904449303,-0.004744955640523364
20230314,-0.0,-0.00040644425208891734,0.0,-4.108995912699575e-05,0.0,0.00620093130456322,-0.005451390489777062
20230315,-0.0003193211855601229,-0.0005801664829372234,0.0004768022946012843,-0.00037186088269042467,-0.0,0.007062431635940546,-0.006725326184587508
20230316,-0.0010207015463673003,-0.000248346211116872,0.0014321973213605942,-7.850634942981211e-05,-0.0,0.007645006326258553,-0.006809466930021558
20230317,-0.0016076777670551421,-0.0,0.0026276957347331803,-0.0,0.0,0.008002140063747129,-0.006210192463503256
20230320,-0.001916535707706382,3.688280039825739e-05,0.0032552349003581783,0.0,0.0003469594024034221,0.007643906580292896,-0.006143635825757085
20230321,-0.0019826892329055396,0.0003486432064068343,0.003436971924172052,-0.0,0.0015308690883352489,0.004643882561329465,-0.00615209057232437
20230322,-0.001961176754325084,0.0002634564491584883,0.00285818473007305,-0.000311716293308346,0.0023639505935746396,0.0023004002900147507,-0.005298934071520806
20230323,-0.001125292996708486,0.0,0.0017180500452606115,-0.0,0.0007226459612509107,0.000217623460752043,-0.003970383294300946
20230324,-0.0,-0.0,0.0,-0.0,-0.0,-0.0,-0.003804479964499496
20230327,-0.0005776815374244425,-0.000316316291069635,-0.000727317555872833,-0.0010728923657273022,-0.00029179694444462524,-0.0010613215901265623,-0.00470806627483404
20230328,-0.0,-0.00022115052985709148,-0.0010757439972829451,-0.0006402288275263502,-0.0,-0.0,-0.0037307610745465165
20230329,-0.0,-0.0,-0.000541787170679378,-0.0,-0.0,-0.0,-0.0023977463061149794
20230330,0.0005981891127613232,-0.001770539763707279,-0.003092707808949454,-0.001583831728604243,0.0021247064623685866,0.0008693468458785635,-0.003105219153472751
20230331,0.00026496759378839824,-0.00175521620319379,-0.0025157595392145634,-0.0014543396142478724,0.002425506888437026,0.0,-0.0017870275531206342
