ts_code,name,score,signal_date,buy_date,timing_ratio
000001.SZ,平安银行,0.000000,20260522,20260525,1.000000
600869.SH,远东股份,0.000000,20260522,20260525,1.000000
600860.SH,京城股份,0.000000,20260522,20260525,1.000000
600861.SH,北京人力,0.000000,20260522,20260525,1.000000
600862.SH,中航高科,0.000000,20260522,20260525,1.000000
600863.SH,华能蒙电,0.000000,20260522,20260525,1.000000
600864.SH,哈投股份,0.000000,20260522,20260525,1.000000
600865.SH,百大集团,0.000000,20260522,20260525,1.000000
600866.SH,星湖科技,0.000000,20260522,20260525,1.000000
600867.SH,通化东宝,0.000000,20260522,20260525,1.000000
